place,province,description
Phong Nha,Quảng Bình,"Phong Nha là cửa ngõ nổi tiếng của hệ thống hang động đá vôi ở Quảng Bình, nơi thiên nhiên tạo nên sông ngầm, núi đá, rừng xanh và những khối thạch nhũ mang hình dáng kỳ ảo. Du khách thường bắt đầu bằng chuyến thuyền trên sông Son, đi qua làng quê yên bình rồi tiến vào không gian mát lạnh trong lòng hang. Điểm hấp dẫn chính của Phong Nha là cảnh quan tự nhiên và cảm giác khám phá: ánh sáng phản chiếu trên mặt nước, vách đá cao, lối đi trong hang và các tuyến trekking quanh vườn quốc gia đều tạo ra trải nghiệm vừa thư giãn vừa phiêu lưu. Khu vực này cũng phù hợp cho người thích chụp ảnh, đặc biệt ở bến thuyền, cửa hang, cánh đồng ven sông và những góc nhìn có núi đá vôi phía sau,. Ngoài thiên nhiên, Phong Nha còn có nhịp sống địa phương dễ chịu, quán ăn nhỏ, món gà đồi, cá sông và không khí làng quê. Đây là điểm đến cân bằng giữa nghỉ ngơi, sinh thái, mạo hiểm nhẹ và khám phá di sản tự nhiên."
Hang Sơn Đoòng,Quảng Bình,"Hang Sơn Đoòng là biểu tượng mạo hiểm nổi bật của Quảng Bình, được biết đến như một trong những hang động tự nhiên lớn nhất thế giới. Trải nghiệm ở đây không giống tham quan thông thường mà là hành trình thám hiểm nhiều ngày qua rừng, suối, bãi đá, dốc cao và các khoang hang khổng lồ. Điểm mạnh nhất của Sơn Đoòng là thiên nhiên nguyên sơ: mái vòm cao, sông ngầm, măng đá, hố sụt, thảm thực vật trong hang và các luồng ánh sáng tạo nên khung cảnh hiếm gặp. Với người yêu trekking, leo dốc, cắm trại và cảm giác thử thách, đây là điểm đến gần như định nghĩa cho du lịch phiêu lưu. Sơn Đoòng cũng cực kỳ hấp dẫn với nhiếp ảnh vì mỗi góc hang đều có chiều sâu, tương phản ánh sáng và tỷ lệ không gian gây choáng ngợp. Do yêu cầu thể lực, chi phí và quy định bảo tồn nghiêm ngặt, địa điểm này không dành cho mọi nhóm khách. Tuy vậy, với du khách thích thiên nhiên cực hạn, khám phá hang động và trải nghiệm độc bản, Sơn Đoòng là lựa chọn rất đáng nhớ."
Hang Va,Quảng Bình,"Hang Va nằm trong vùng núi đá vôi Phong Nha - Kẻ Bàng, nổi bật với hệ thống thạch nhũ, hồ nước trong hang và những khối măng đá nhỏ xếp dày như một khu vườn tự nhiên dưới lòng đất. So với các điểm tham quan dễ tiếp cận hơn, Hang Va thiên về trải nghiệm khám phá có kiểm soát: du khách thường phải đi bộ xuyên rừng, vượt địa hình đá, lội nước và sử dụng thiết bị an toàn trong một số đoạn. Vì vậy, điểm này rất phù hợp với người thích adventure, trekking và cảm giác bước vào không gian ít đông đúc. Thiên nhiên là lý do chính để đến Hang Va, từ rừng xanh bên ngoài đến cấu trúc hang động tinh tế bên trong. Cảnh quan trong hang tạo nhiều góc chụp ảnh đẹp nhờ mặt nước phản chiếu, ánh đèn thám hiểm và những cụm thạch nhũ có hình dạng khác lạ. Không khí yên tĩnh, mát lạnh và tách biệt cũng đem lại cảm giác thư giãn sau khi vượt qua các đoạn đường thử thách. Đây là lựa chọn tốt cho du khách muốn trải nghiệm hang động sâu hơn Phong Nha nhưng không quá cực hạn như Sơn Đoòng."
Biển Nhật Lệ,Quảng Bình,"Biển Nhật Lệ là một trong những bãi biển dễ tiếp cận nhất ở thành phố Đồng Hới, Quảng Bình, phù hợp cho du khách muốn nghỉ ngơi sau các chuyến khám phá hang động. Bãi cát dài, mặt nước xanh, sóng vừa phải và không gian thoáng khiến nơi đây lý tưởng để tắm biển, đi dạo, ngắm bình minh hoặc ngồi thư giãn vào chiều muộn. Nhật Lệ không mang cảm giác hoang sơ tuyệt đối, nhưng lại có lợi thế lớn về tiện nghi, khách sạn, quán ăn và khả năng kết hợp với lịch trình trong thành phố. Ẩm thực là điểm mạnh rõ rệt: hải sản, cháo canh, bánh lọc, cá nướng và các quán ven biển tạo nên trải nghiệm địa phương gần gũi. Với gia đình, nhóm bạn hoặc khách du lịch ngắn ngày, nơi đây có nhịp vui vừa đủ, không quá khó di chuyển. Biển Nhật Lệ cũng có nhiều góc chụp ảnh đẹp ở bờ cát, hàng dương, cầu Nhật Lệ và khu vực hoàng hôn trên cửa biển. Đây là điểm đến thiên về beach, food, relaxation và photography hơn là lịch sử hay mạo hiểm."
Cồn cát Quang Phú,Quảng Bình,"Cồn cát Quang Phú nằm gần Đồng Hới và tạo cảm giác khác hẳn các bãi biển quen thuộc của Quảng Bình. Thay vì mặt nước và sóng biển, điểm nhấn ở đây là những triền cát rộng, đường cong mềm, màu cát thay đổi theo ánh sáng và không gian mở rất hợp để chụp ảnh. Buổi sáng sớm hoặc chiều muộn, cồn cát có ánh vàng đẹp, ít nóng hơn và tạo nhiều góc check-in với bóng người, dấu chân, đồi cát và bầu trời rộng. Trải nghiệm phổ biến là đi bộ trên cát, trượt cát, ngắm cảnh và cảm nhận gió biển từ xa. Dù không phải điểm tắm biển, Quang Phú vẫn gợi liên tưởng đến vùng ven biển nhờ vị trí gần bờ cát và không khí khô thoáng. Đây là điểm có thiên nhiên nổi bật, phù hợp cho người thích cảnh quan lạ, hoạt động vận động nhẹ và cảm giác tự do. Không gian không quá nặng về lịch sử hay văn hóa, nhưng rất tốt cho relaxation nếu đi đúng giờ. Du khách nên chuẩn bị nước, mũ và chọn thời điểm mát để trải nghiệm thoải mái hơn."
Vũng Chùa - Đảo Yến,Quảng Bình,"Vũng Chùa - Đảo Yến là điểm đến ven biển phía bắc Quảng Bình, được nhiều du khách biết đến nhờ cảnh quan hài hòa giữa núi, biển, đảo nhỏ và không gian tưởng niệm trang nghiêm. Khu vực này gắn với nơi an nghỉ của Đại tướng Võ Nguyên Giáp, vì vậy yếu tố lịch sử và cảm xúc tri ân hiện diện rất rõ. Du khách thường đến để dâng hương, đi dạo chậm rãi, nhìn ra Đảo Yến ngoài khơi và cảm nhận sự yên bình của vịnh biển. Khác với bãi tắm sôi động, Vũng Chùa mang sắc thái tĩnh lặng hơn: nước biển, bờ đá, cây xanh và đường ven núi tạo nên một khung cảnh vừa trang trọng vừa thư giãn. Đây cũng là điểm chụp ảnh đẹp với góc nhìn hướng biển, đường cong bờ vịnh và nền núi phía sau. Văn hóa tâm linh, ký ức lịch sử và thiên nhiên biển hòa vào nhau, phù hợp cho gia đình, người lớn tuổi hoặc du khách muốn chuyến đi có chiều sâu. Hoạt động mạo hiểm không nổi bật, nhưng cảm giác bình yên và giá trị tưởng niệm khiến nơi này rất đáng ghé."
Quảng Bình Quan,Quảng Bình,"Quảng Bình Quan là một di tích kiến trúc nằm trong trung tâm Đồng Hới, gợi nhớ vai trò phòng thủ và giao thương của vùng đất Quảng Bình trong lịch sử. Công trình không quá lớn, nhưng có giá trị như một dấu mốc đô thị, nơi du khách có thể nhìn thấy lớp ký ức về lũy thành, cửa quan và những biến động của miền Trung qua nhiều thời kỳ. Điểm hấp dẫn chính là lịch sử và văn hóa, đặc biệt với người thích tham quan thành cổ, kiến trúc truyền thống và câu chuyện về vùng biên viễn xưa. Vì nằm gần các tuyến phố, chợ, quán ăn và sông Nhật Lệ, Quảng Bình Quan dễ kết hợp trong lịch trình đi bộ nhẹ nhàng ở Đồng Hới. Du khách có thể chụp ảnh với cổng thành, mảng tường rêu, đường phố xung quanh và dùng nơi này như điểm mở đầu để hiểu hơn về thành phố. Ẩm thực địa phương cũng nằm gần đó, từ cháo canh đến bánh lọc, tạo thêm yếu tố food cho chuyến ghé ngắn. Đây không phải điểm thiên nhiên hay adventure, nhưng phù hợp cho lịch trình văn hóa, lịch sử và check-in nhẹ."
Tượng đài Mẹ Suốt,Quảng Bình,"Tượng đài Mẹ Suốt nằm bên dòng Nhật Lệ ở Đồng Hới, là một điểm tưởng niệm giàu cảm xúc về người mẹ anh hùng đã chèo đò chở bộ đội, vũ khí và người dân qua sông trong thời chiến. Không gian quanh tượng đài không quá rộng, nhưng có sức gợi mạnh về lịch sử, lòng can đảm và ký ức chiến tranh của Quảng Bình. Du khách thường ghé để tìm hiểu câu chuyện Mẹ Suốt, chụp ảnh bên bờ sông, đi dạo trên quảng trường nhỏ và nhìn sang cầu Nhật Lệ. Vị trí trong thành phố giúp điểm này dễ kết hợp với biển Nhật Lệ, chợ Đồng Hới hoặc các quán ăn địa phương, nên trải nghiệm không bị tách biệt khỏi đời sống hiện tại. Yếu tố văn hóa nằm ở cách người dân tưởng nhớ một biểu tượng bình dị nhưng bền bỉ của miền Trung. Vào buổi chiều, ánh sáng trên sông và tượng tạo góc chụp ảnh đẹp, đồng thời mang lại cảm giác thư giãn nhẹ. Đây là điểm phù hợp cho du khách muốn thêm chiều sâu lịch sử vào hành trình, đặc biệt khi lịch trình ở Đồng Hới không có nhiều thời gian."
Đền thờ Liễu Hạnh,Quảng Bình,"Đền thờ Liễu Hạnh ở Quảng Bình là điểm dừng mang màu sắc tâm linh và văn hóa dân gian, gắn với tín ngưỡng thờ Mẫu của người Việt. Không gian đền thường tạo cảm giác trang nghiêm, yên bình, phù hợp với du khách muốn tìm hiểu phong tục, kiến trúc thờ tự và đời sống tín ngưỡng địa phương. Vị trí gần vùng núi và đường thiên lý cũ khiến nơi này có thêm chiều sâu lịch sử, như một điểm kết nối giữa hành trình đi qua miền Trung và câu chuyện dân gian về Thánh Mẫu Liễu Hạnh. Cảnh quan xung quanh có núi, cây xanh và khoảng không tĩnh lặng, vì vậy yếu tố thiên nhiên và relaxation cũng khá rõ. Du khách đến đây thường đi chậm, dâng hương, quan sát họa tiết trang trí, mái đền, cổng tam quan và những chi tiết kiến trúc truyền thống. Đây không phải điểm dành cho mạo hiểm hay hoạt động biển, dù vị trí gần khu vực ven biển và đèo tạo cảm giác phong cảnh rộng. Với người thích văn hóa, tâm linh, lịch sử dân gian và chụp ảnh kiến trúc, đền thờ Liễu Hạnh là điểm bổ sung tốt cho tuyến Quảng Bình phía bắc."
Biển Đá Nhảy,Quảng Bình,"Đá Nhảy là một bãi biển độc đáo với sự kết hợp hài hòa giữa biển xanh, đá tự nhiên và núi ven bờ, tạo nên khung cảnh vừa hoang sơ vừa ấn tượng. Không giống những bãi cát thông thường, nơi đây nổi bật với các khối đá lớn nhỏ mang hình thù khác lạ, được sóng biển và gió bào mòn qua thời gian. Khi sóng vỗ vào đá, âm thanh rì rào liên tục tạo cảm giác vừa mạnh mẽ vừa thư giãn, rất đặc trưng của vùng biển này, không gian tại đây thoáng đãng, nước trong xanh, gió mát cùng ánh sáng thay đổi theo từng thời điểm trong ngày, khiến bãi biển trở thành nơi lý tưởng để nghỉ ngơi và tận hưởng thiên nhiên. Đặc biệt, Đá Nhảy là địa điểm chụp ảnh hấp dẫn với nhiều góc nhìn độc đáo từ các mỏm đá, bờ biển đến toàn cảnh nhìn ra xa. Vào thời điểm bình minh và hoàng hôn, ánh sáng phản chiếu lên mặt nước và các khối đá tạo nên vẻ đẹp nổi bật, thu hút những người yêu nhiếp ảnh. Gần khu vực còn có núi và làng chài, góp phần làm phong phú thêm trải nghiệm khám phá."
Mộ Đại Tướng Võ Nguyên Giáp ,Quảng Bình,"Lăng mộ Đại tướng Võ Nguyên Giáp, di tích văn hóa tiêu biểu, gắn với nhân vật kiệt xuất, biểu tượng tinh thần dân tộc, ký ức sâu sắc, không gian tưởng niệm trang nghiêm. Công trình lăng mộ, khu tưởng niệm, kiến trúc cổ kính, giá trị sử liệu, truyền thống lâu đời, di sản văn hóa, văn hóa truyền thống, phong tục tập quán, đời sống tín ngưỡng, tôn giáo, hành lễ, thắp hương,  thành kính, nghi thức, tượng đài trang nghiêm, quần thể kiến trúc mang bản sắc di sản, không gian thanh tĩnh,khu vực thiên nhiên bao quanh, cảnh quan rừng núi, cây xanh, không khí trong lành, phong cảnh nguyên sơ, hệ sinh thái đa dạng, tạo cảm giác thanh bình, yên tĩnh, phù hợp hành hương, tưởng niệm. Không gian kết hợp văn hóa,  trải nghiệm tâm linh sâu sắc, kết nối con người với giá trị truyền thống, tôn vinh tinh thần dân tộc, lưu giữ ý nghĩa lâu dài của di sản."
Thành cổ Đồng Hới ,Quảng Bình ,"Thành Đồng Hới, di tích lịch sử tiêu biểu, dấu tích quá khứ gắn với thời kỳ phong kiến triều Nguyễn, mang kiến trúc cổ kính và giá trị sử liệu lâu đời công trình với hệ thống tường thành, cổng thành và quần thể kiến trúc phòng thủ thể hiện rõ nét đặc trưng của nghệ thuật xây dựng xưa, đồng thời phản ánh chiều sâu lịch sử và bản sắc dân tộc, những dấu tích còn lại góp phần làm nổi bật ý nghĩa văn hóa và giá trị di sản truyền thống không gian nơi đây còn gắn liền với đời sống văn hóa cộng đồng, phong tục tập quán, tín ngưỡng và các hoạt động lễ hội, các yếu tố như chùa đền, nghi lễ, thắp hương, tượng đài trang nghiêm tạo nên một tổng thể hài hòa giữa kiến trúc và đời sống tâm linh, bên cạnh đó cảnh quan thiên nhiên với cây xanh, sông nước và môi trường trong lành góp phần tôn lên vẻ đẹp cổ kính, tạo nên không gian vừa trang nghiêm vừa gần gũi, giúp du khách cảm nhận rõ hơn giá trị văn hóa – lịch sử của địa danh này,ẩm thực đa dạng."
Mũi Trèo,Quảng Trị,"Mũi Trèo là một trong những điểm ngắm cảnh ven biển ấn tượng của Quảng Trị, nơi vách đất, thảm cỏ, rừng cây và mặt biển xanh mở ra một khung nhìn rất rộng. Du khách thường đến đây để đi bộ nhẹ, cắm trại, ngắm bình minh hoặc chụp ảnh trên những triền cỏ nhìn xuống bờ biển. Điểm mạnh của Mũi Trèo nằm ở thiên nhiên và photography: đường chân trời, sóng biển, bãi đá, rặng cây và màu trời thay đổi liên tục theo thời gian trong ngày. So với bãi tắm có dịch vụ đầy đủ, nơi này hoang sơ hơn, tạo cảm giác tự do nhưng cũng cần chú ý an toàn khi đứng gần mép cao hoặc đi vào ngày gió mạnh. Mũi Trèo phù hợp với nhóm trẻ, người thích check-in, picnic, trekking ngắn và không gian thư giãn ngoài trời. Yếu tố văn hóa hay lịch sử không phải trọng tâm, còn ẩm thực chủ yếu phụ thuộc vào các điểm gần đó. Tuy nhiên, nếu kết hợp với Địa đạo Vịnh Mốc, biển Cửa Tùng hoặc Cửa Việt, Mũi Trèo giúp hành trình Quảng Trị có thêm sắc thái biển, thiên nhiên và phiêu lưu nhẹ."
Thánh địa La Vang,Quảng Trị,"Thánh địa La Vang là điểm hành hương Công giáo nổi tiếng của Quảng Trị, mang giá trị văn hóa, tín ngưỡng và lịch sử đặc biệt. Không gian rộng, tháp chuông, quảng trường, khu vực tượng Đức Mẹ và các công trình tôn giáo tạo nên cảm giác trang nghiêm nhưng vẫn mở và yên bình. Du khách đến La Vang không chỉ để tham quan kiến trúc mà còn để hiểu một phần đời sống tâm linh của cộng đồng Công giáo Việt Nam, nhất là trong các dịp lễ lớn. Yếu tố lịch sử thể hiện qua câu chuyện hình thành thánh địa, những biến động chiến tranh và quá trình tái thiết. Với người thích chụp ảnh, La Vang có nhiều góc đẹp ở tháp, hàng cây, không gian quảng trường và ánh sáng chiều. Đây là điểm rất phù hợp cho gia đình, người lớn tuổi hoặc khách muốn một trải nghiệm chậm rãi, tĩnh lặng, không nặng vận động. Ẩm thực và mua sắm quanh khu vực chỉ là yếu tố phụ, thường gắn với các quán nhỏ và đồ lưu niệm. La Vang nổi bật nhất ở culture, history, relaxation và tâm linh."
Sông Đakrông,Quảng Trị,"Sông Đakrông chảy qua vùng núi phía tây Quảng Trị, tạo nên cảnh quan vừa hùng vĩ vừa mềm mại với nước sông, cầu treo, núi rừng và các bản làng ven đường Hồ Chí Minh. Điểm đến này hấp dẫn người thích thiên nhiên, phong cảnh và những chuyến đi đường dài qua miền núi. Dọc khu vực Đakrông, du khách có thể nhìn thấy sự giao thoa giữa lịch sử chiến tranh, tuyến đường chiến lược, văn hóa dân tộc Vân Kiều - Pa Kô và nhịp sống địa phương. Trải nghiệm ở đây không phải nghỉ dưỡng tiện nghi mà thiên về cảm giác khám phá: dừng xe ngắm cảnh, chụp ảnh cầu Đakrông, đi bộ quanh bờ sông, tìm hiểu bản làng hoặc tiếp tục vào các tuyến rừng núi. Cảnh quan sông núi tạo nhiều góc ảnh đẹp, đặc biệt khi mây thấp, nắng xiên hoặc dòng nước phản chiếu nền xanh. Yếu tố adventure ở mức vừa, phù hợp với du khách thích road trip, trekking nhẹ và không gian mở. Sông Đakrông cũng đem lại cảm giác yên bình vì mật độ khách thường không quá đông, giúp hành trình Quảng Trị có chiều sâu thiên nhiên và văn hóa."
"Núi Talung, núi Klu",Quảng Trị,"Núi Talung và núi Klu đại diện cho vẻ đẹp miền núi Quảng Trị, nơi cảnh quan rừng, sườn núi, thung lũng và bản làng tạo nên cảm giác tách khỏi nhịp du lịch đông đúc. Đây là lựa chọn hợp với người thích thiên nhiên nguyên sơ, trekking, leo dốc, đi bộ đường rừng và quan sát đời sống cộng đồng vùng cao. Không gian ở Talung, Klu không thiên về dịch vụ tiện nghi mà hấp dẫn nhờ sự rộng mở của núi non, khí hậu mát hơn vùng đồng bằng và những cung đường có tính phiêu lưu. Du khách có thể chụp ảnh các lớp núi, mây, đường đèo, ruộng nương hoặc khoảnh khắc sinh hoạt của bản làng nếu được cộng đồng cho phép. Yếu tố văn hóa cũng đáng chú ý vì khu vực miền tây Quảng Trị gắn với người Vân Kiều, Pa Kô, phong tục bản địa và câu chuyện về đường Trường Sơn. Đây không phải điểm dành cho gia đình có trẻ nhỏ nếu lịch trình quá nặng, nhưng rất hợp với nhóm thích vận động, khám phá và không gian yên bình. Lịch trình nên chuẩn bị kỹ về phương tiện, thời tiết, nước uống và tôn trọng văn hóa địa phương."
Thành cổ Quảng Trị,Quảng Trị,"Thành cổ Quảng Trị là di tích lịch sử quan trọng bậc nhất của tỉnh, gắn với những trận chiến khốc liệt và ký ức hy sinh trong chiến tranh. Khi bước vào khuôn viên thành, du khách thường cảm nhận rõ không khí trang nghiêm qua cổng thành, tường gạch, thảm cỏ, đài tưởng niệm và không gian tưởng niệm các liệt sĩ. Điểm hấp dẫn chính không nằm ở hoạt động vui chơi mà ở chiều sâu lịch sử, cảm xúc và khả năng giúp người tham quan hiểu hơn về vùng đất Quảng Trị. Thành cổ cũng có giá trị văn hóa vì trở thành nơi giáo dục truyền thống, dâng hương và tổ chức các hoạt động tưởng niệm. Với người thích chụp ảnh, khuôn viên rộng, kiến trúc cổng thành, màu gạch cũ và ánh sáng chiều tạo các góc ảnh trầm lắng. Vị trí gần trung tâm thị xã giúp du khách dễ kết hợp với quán ăn, cà phê hoặc các điểm khác trên tuyến DMZ. Đây không phải điểm thiên nhiên hay adventure, nhưng rất phù hợp cho học sinh, gia đình, người yêu lịch sử và du khách muốn chuyến đi có ý nghĩa tưởng niệm sâu sắc."
Địa đạo Vịnh Mốc,Quảng Trị,"Địa đạo Vịnh Mốc là điểm đến lịch sử đặc biệt ở vùng ven biển Quảng Trị, nơi hệ thống đường hầm từng là không gian sinh sống, trú ẩn và chiến đấu của người dân trong thời chiến. Khi tham quan, du khách đi xuống các lối hầm hẹp, nhìn thấy phòng ở, giếng nước, khu sinh hoạt và những cấu trúc cho thấy sức bền của cộng đồng dưới bom đạn. Yếu tố history ở đây rất mạnh, nhưng thiên nhiên cũng hiện diện qua vị trí gần biển, rặng cây, gió mặn và cửa hầm hướng ra bờ biển. Trải nghiệm có chút adventure nhẹ vì phải đi bộ trong không gian tối, thấp và quanh co, tạo cảm giác khám phá khác với bảo tàng thông thường. Địa đạo Vịnh Mốc cũng rất đáng chụp ảnh ở lối vào, đường hầm, khu trưng bày và bãi biển gần đó, dù cần giữ thái độ tôn trọng. Đây là điểm phù hợp cho người muốn hiểu lịch sử Quảng Trị một cách trực quan, kết hợp văn hóa, ký ức chiến tranh và cảnh quan ven biển. Sau khi tham quan, du khách có thể tiếp tục tới Mũi Trèo, Cửa Tùng hoặc các làng chài để cân bằng cảm xúc chuyến đi."
Làng cổ Bích La,Quảng Trị,"Làng cổ Bích La là một không gian văn hóa truyền thống của Quảng Trị, nổi bật với ký ức làng quê, đình làng, lễ hội, nếp nhà và câu chuyện cộng đồng được gìn giữ qua nhiều thế hệ. Điểm đến này không ồn ào như chợ hay bãi biển, mà hợp với người muốn đi chậm để quan sát cấu trúc làng, đường xóm, cây cổ thụ, ruộng vườn và phong tục địa phương. Yếu tố culture rất mạnh vì Bích La gắn với lễ hội, sinh hoạt tín ngưỡng, truyền thống hiếu học và đời sống nông nghiệp miền Trung. Lịch sử cũng hiện diện qua những câu chuyện về làng, dòng họ, đình miếu và các biến động của vùng đất Quảng Trị. Du khách thích chụp ảnh có thể tìm thấy nhiều góc đẹp ở cổng làng, mái đình, hàng cây, sân vườn và ánh sáng sớm. Ẩm thực không phải dịch vụ nổi bật, nhưng trải nghiệm món quê, bánh trái hoặc chợ địa phương nếu có dịp sẽ làm chuyến đi gần gũi hơn. Đây là điểm thiên về thư giãn, văn hóa và lịch sử, phù hợp cho người thích du lịch cộng đồng hơn là mạo hiểm."
Đảo Cồn Cỏ,Quảng Trị,"Đảo Cồn Cỏ nằm ngoài khơi Quảng Trị, là điểm đến kết hợp rất rõ giữa biển đảo, thiên nhiên, lịch sử và cảm giác tách biệt. Du khách đến đảo để ngắm nước biển xanh, bãi đá, rừng cây, ngọn hải đăng, các tuyến đường nhỏ quanh đảo và không gian trong lành ít bị đô thị hóa. Cồn Cỏ có sức hút với người thích tắm biển, lặn ngắm san hô, đi bộ, đạp xe, chụp ảnh bình minh và hoàng hôn trên biển. Bên cạnh cảnh quan, đảo còn có chiều sâu lịch sử vì từng giữ vị trí quan trọng trong chiến tranh, với các điểm tưởng niệm và dấu tích liên quan đến nhiệm vụ bảo vệ biển đảo. Ẩm thực hải sản là trải nghiệm đáng chú ý, thường gắn với cá, mực, ốc và bữa ăn giản dị của cư dân hoặc dịch vụ trên đảo. Vì phải di chuyển bằng tàu, yếu tố access khó hơn đất liền, nhưng chính điều đó làm hành trình có cảm giác phiêu lưu. Cồn Cỏ phù hợp với người yêu beach, nature, photography và relaxation, đồng thời muốn thêm một lớp lịch sử biển đảo vào chuyến đi."
Chợ phiên Cam Lộ,Quảng Trị,"Chợ phiên Cam Lộ là điểm đến giàu màu sắc đời sống địa phương của Quảng Trị, phù hợp với du khách muốn quan sát văn hóa mua bán, ẩm thực dân dã và nhịp sinh hoạt vùng nông thôn. Không gian chợ thường hấp dẫn bởi tiếng nói cười, hàng nông sản, món ăn, gia vị, đồ thủ công, quần áo và những quầy hàng nhỏ mang cảm giác rất thật. Điểm nổi bật nhất của chợ là food và culture: du khách có thể thử món địa phương, tìm hiểu cách người dân trao đổi hàng hóa, nghe giọng nói miền Trung và chụp ảnh các mảng màu của rau củ, bánh trái, rổ rá, gánh hàng. Lịch sử của Cam Lộ cũng tạo chiều sâu vì đây từng là vùng giao thương quan trọng, nằm trên các tuyến đường kết nối đồng bằng và miền núi. Chợ không phải điểm thiên nhiên hay thư giãn tuyệt đối vì khá đông và sôi động, nhưng lại đem đến năng lượng sống rõ rệt. Đây là nơi hợp cho người thích trải nghiệm bản địa, nhiếp ảnh đường phố, khám phá ẩm thực và mua quà nhỏ. Nên đi buổi sáng để cảm nhận trọn vẹn không khí phiên chợ."
Nghĩa trang Trường Sơn,Quảng Trị,"Nghĩa trang Trường Sơn là một trong những không gian tưởng niệm trang trọng nhất ở Quảng Trị, nơi quy tụ phần mộ của nhiều liệt sĩ đã hy sinh trên tuyến đường Trường Sơn. Đây là điểm đến có chiều sâu lịch sử rất mạnh, phù hợp với du khách muốn hiểu hơn về chiến tranh, ký ức dân tộc và sự hy sinh của nhiều thế hệ. Không gian nghĩa trang rộng, nhiều cây xanh, các khu mộ được sắp xếp theo vùng miền, đài tưởng niệm và lối đi yên tĩnh tạo cảm giác trang nghiêm nhưng cũng bình yên. Yếu tố culture thể hiện qua nghi thức dâng hương, truyền thống uống nước nhớ nguồn và cách người Việt tưởng niệm người đã khuất. Du khách có thể chụp ảnh tổng quan kiến trúc, hàng cây, lối đi và các biểu tượng tưởng niệm, nhưng cần giữ thái độ tôn trọng. Đây không phải nơi cho hoạt động vui chơi, food hay adventure; giá trị chính nằm ở lịch sử, giáo dục và cảm xúc. Với gia đình, học sinh hoặc người quan tâm lịch sử hiện đại Việt Nam, Nghĩa trang Trường Sơn là điểm dừng quan trọng trên hành trình Quảng Trị."
Biển Cửa Việt,Quảng Trị,"Biển Cửa Việt là bãi biển nổi tiếng của Quảng Trị, có bờ cát rộng, không gian thoáng và vị trí thuận tiện để kết hợp với các điểm lịch sử trong tỉnh. Điểm mạnh rõ rệt nhất là beach: du khách có thể tắm biển, đi dạo trên cát, ngắm bình minh, chơi cùng gia đình hoặc nghỉ ngơi sau một ngày tham quan Thành cổ, Vịnh Mốc hay các điểm DMZ. So với những bãi biển hoang sơ hơn, Cửa Việt có nhiều dịch vụ ăn uống, nhà hàng hải sản và chỗ nghỉ, vì vậy yếu tố food cũng rất nổi bật. Hải sản tươi, món nướng, cháo cá hoặc bữa ăn ven biển tạo cảm giác gần gũi với đời sống miền biển. Cảnh quan thiên nhiên ở mức dễ chịu với sóng, gió, trời rộng và cửa biển; không quá mạo hiểm nhưng phù hợp cho relaxation. Người thích chụp ảnh có thể chọn thời điểm bình minh, hoàng hôn hoặc những khoảnh khắc thuyền cá gần bờ. Đây là điểm lý tưởng cho gia đình, nhóm bạn và du khách muốn cân bằng giữa lịch sử Quảng Trị nặng cảm xúc với một khoảng nghỉ nhẹ nhàng bên biển."
Chợ Đông Hà,Quảng Trị,"Chợ Đông Hà là trung tâm mua bán sầm uất của thành phố Đông Hà, phản ánh rõ nhịp sống thương mại của Quảng Trị. Đây không phải điểm thiên nhiên hay nghỉ dưỡng, nhưng rất phù hợp cho du khách thích ẩm thực, mua sắm, quan sát đời sống địa phương và tìm quà mang về. Trong chợ có nhiều loại hàng hóa, từ đặc sản, bánh kẹo, mắm, đồ khô, hải sản, nông sản đến quần áo và đồ gia dụng. Yếu tố food rất mạnh vì du khách có thể thử các món ăn bình dân, nghe người bán giới thiệu đặc sản và cảm nhận hương vị miền Trung qua những quầy nhỏ. Chợ Đông Hà cũng có giá trị văn hóa vì nằm ở đô thị từng là điểm giao thương quan trọng, kết nối các tuyến đường trong tỉnh và hướng lên cửa khẩu Lao Bảo. Không khí chợ khá đông, ồn và nhiều màu sắc, tạo cơ hội tốt cho nhiếp ảnh đường phố, chụp ảnh hàng hóa, biển hiệu và khoảnh khắc mua bán. Đây là điểm nên ghé ngắn trong lịch trình, đặc biệt nếu du khách muốn hiểu Quảng Trị qua đời sống hiện tại chứ không chỉ qua di tích chiến tranh."
Khe Sanh,Quảng Trị,"Khe Sanh nằm ở miền tây Quảng Trị, nổi tiếng với di tích sân bay Tà Cơn, các dấu tích chiến tranh và bối cảnh núi rừng gần biên giới. Điểm đến này rất mạnh về lịch sử vì gắn với những trận đánh lớn, hệ thống căn cứ quân sự và câu chuyện về tuyến đường chiến lược trong thời chiến. Du khách có thể tham quan khu trưng bày, hiện vật, máy bay, đường băng cũ và nhìn ra không gian cao nguyên xung quanh. Bên cạnh history, Khe Sanh cũng có thiên nhiên đáng chú ý: khí hậu mát hơn đồng bằng, đồi núi, rừng, cà phê, đường đèo và các bản làng tạo cảm giác road trip. Yếu tố adventure ở mức vừa vì hành trình thường bao gồm di chuyển xa, đi đường núi và khám phá nhiều điểm rải rác. Văn hóa địa phương thể hiện qua cộng đồng Vân Kiều, Pa Kô, chợ vùng cao và đời sống biên giới. Với người thích chụp ảnh, Khe Sanh có góc ảnh ở di tích chiến tranh, đồi núi, mây thấp và các cung đường. Đây là điểm phù hợp cho du khách yêu lịch sử hiện đại, nhưng vẫn muốn hành trình có thiên nhiên và chiều sâu vùng cao."
Cửa khẩu Lao Bảo,Quảng Trị,"Cửa khẩu Lao Bảo là điểm giao thương biên giới quan trọng giữa Việt Nam và Lào, nằm trên tuyến đường từ Đông Hà lên miền tây Quảng Trị. Với du khách, nơi này hấp dẫn không phải vì cảnh quan du lịch cổ điển mà vì cảm giác biên giới, thương mại và sự pha trộn văn hóa. Khu vực Lao Bảo có chợ, cửa hàng, hàng hóa nhập khẩu, đặc sản vùng cao và nhịp mua bán khá sôi động, nên yếu tố food và shopping hiện diện rõ. Lịch sử cũng đáng chú ý vì tuyến đường này liên quan đến hành lang Đông - Tây, đường 9 và nhiều câu chuyện chiến tranh, giao thương sau hòa bình. Xung quanh cửa khẩu là địa hình núi rừng, sông suối và đường đèo, tạo thêm màu sắc thiên nhiên cho hành trình. Du khách có thể chụp ảnh cột mốc, khu vực cửa khẩu, chợ biên giới và những khung cảnh đường núi, nhưng cần tuân thủ quy định an ninh. Đây không phải điểm nghỉ dưỡng hay adventure mạnh, song phù hợp với người thích tìm hiểu văn hóa biên giới, kinh tế địa phương, ẩm thực vùng cao và cảm giác đi đến rìa bản đồ du lịch quen thuộc."
Bản Vân Kiều,Quảng Trị,"Bản Vân Kiều ở miền tây Quảng Trị là điểm đến văn hóa cộng đồng, nơi du khách có thể tìm hiểu đời sống của người Vân Kiều qua nhà ở, nương rẫy, ẩm thực, âm nhạc, phong tục và cách cộng đồng gắn bó với núi rừng. Không gian bản làng thường yên bình, bao quanh bởi rừng, suối, đồi núi và những con đường nhỏ, vì vậy yếu tố nature và relaxation rất rõ. Điểm hấp dẫn nhất là culture: du khách có thể nghe câu chuyện địa phương, quan sát nghề thủ công, thử món ăn dân dã, tìm hiểu lễ hội hoặc các sinh hoạt cộng đồng nếu được tổ chức phù hợp. Hành trình đến bản có thể mang tính adventure nhẹ do đường xa, địa hình miền núi và nhu cầu di chuyển cẩn thận. Với người thích chụp ảnh, các góc đẹp nằm ở cảnh quan núi rừng, nếp nhà, ruộng nương, trang phục và khoảnh khắc đời thường; tuy nhiên nên xin phép trước khi chụp người dân. Đây là lựa chọn tốt cho du lịch có trách nhiệm, tránh ồn ào, tôn trọng văn hóa bản địa và muốn hiểu Quảng Trị ngoài những di tích chiến tranh quen thuộc."
Đại Nội Huế,Huế,"Đại Nội Huế là trung tâm di sản nổi bật nhất của cố đô, nơi hệ thống hoàng thành, cung điện, cổng thành, sân chầu, điện thờ và tường thành kể lại câu chuyện về triều Nguyễn. Điểm mạnh nhất của Đại Nội là history và culture: du khách có thể hình dung cấu trúc quyền lực, nghi lễ cung đình, kiến trúc truyền thống và đời sống hoàng gia qua từng lớp không gian. Đây cũng là điểm rất hấp dẫn với photography nhờ màu tường cổ, mái ngói, cửa son, hồ nước, cây đại thụ và những trục đường thẳng tạo chiều sâu ảnh. Vị trí trong trung tâm Huế giúp du khách dễ kết hợp với chợ Đông Ba, sông Hương, quán cà phê và ẩm thực cung đình hoặc món Huế bình dân như bún bò, bánh bèo, bánh khoái. Đại Nội phù hợp với gia đình, học sinh, người yêu văn hóa và du khách quốc tế, nhưng nên dành đủ thời gian vì khuôn viên rộng. Không gian có thể đông vào mùa cao điểm, song nếu đi sáng sớm, trải nghiệm sẽ chậm rãi và dễ cảm nhận hơn. Đây là điểm gần như bắt buộc khi muốn hiểu bản sắc Huế."
Lăng Cô,Huế,"Lăng Cô là vịnh biển đẹp ở phía nam Huế, nằm giữa biển, đầm, núi và cung đường dẫn về đèo Hải Vân. Điểm đến này nổi bật với bãi cát dài, nước xanh, không gian nghỉ dưỡng và cảnh quan thiên nhiên rộng mở. Du khách có thể tắm biển, đi dạo, ăn hải sản, ngắm bình minh, chụp ảnh mặt nước hoặc kết hợp với đầm Lập An và các điểm gần đèo. Lăng Cô phù hợp với người muốn relaxation vì nhịp sống chậm, nhiều khu nghỉ và cảm giác thoáng đãng hơn trung tâm thành phố. Yếu tố food cũng rất mạnh nhờ hải sản, hàu, tôm, cá và các quán ven đầm hoặc ven biển. Với người thích nhiếp ảnh, nơi đây có nhiều lớp cảnh: bờ cát, thuyền, núi xanh, mặt đầm phẳng, mây và ánh chiều. Adventure chỉ ở mức phụ, có thể xuất hiện khi du khách đi xe máy qua đèo, chèo SUP hoặc khám phá các điểm lân cận. Lăng Cô không phải điểm lịch sử chính, nhưng lại là lựa chọn lý tưởng để cân bằng hành trình Huế bằng biển, thiên nhiên và nghỉ ngơi."
Lăng Tự Đức,Huế,"Lăng Tự Đức là một trong những lăng tẩm có không gian thơ mộng nhất ở Huế, phản ánh gu thẩm mỹ, tâm trạng và dấu ấn văn chương của vị vua triều Nguyễn. Khu lăng không chỉ là di tích lịch sử mà còn là một cảnh quan kiến trúc hài hòa với hồ nước, rừng thông, nhà bia, điện thờ, cầu đá và lối đi uốn quanh. Điểm mạnh của Lăng Tự Đức là sự kết hợp giữa history, culture, relaxation và photography. Du khách có thể tìm hiểu nghi lễ hoàng gia, quan niệm về sinh tử, nghệ thuật kiến trúc cung đình và cách người xưa đặt công trình vào thiên nhiên. Không gian ở đây thường yên bình hơn Đại Nội, phù hợp để đi chậm, ngắm bóng cây trên mặt hồ và chụp ảnh với mái ngói, tường cổ, cổng vòm. Yếu tố thiên nhiên khá rõ nhờ cây xanh và mặt nước, dù không phải cảnh rừng núi hoang sơ. Ẩm thực có thể kết hợp ở khu vực thành phố hoặc làng hương Thủy Xuân gần đó. Đây là điểm rất hợp cho người yêu di sản, kiến trúc, chụp ảnh áo dài và cảm giác trầm lắng của Huế."
Lăng Minh Mạng,Huế,"Lăng Minh Mạng nằm trong không gian rộng và cân đối, thể hiện rõ tư duy quy hoạch, trật tự và tính biểu tượng của kiến trúc cung đình Huế. Khác với vẻ u buồn của Lăng Tự Đức, Lăng Minh Mạng gây ấn tượng bằng trục thần đạo, hồ nước, cầu, cổng, điện thờ và các lớp công trình đối xứng giữa cây xanh. Đây là điểm mạnh về history và culture vì du khách có thể tìm hiểu triều Nguyễn, nghi lễ lăng tẩm, mỹ thuật trang trí và quan niệm phong thủy trong kiến trúc hoàng gia. Thiên nhiên cũng là phần quan trọng của trải nghiệm: mặt hồ, bóng cây, đồi thấp và không gian thoáng làm chuyến tham quan trở nên chậm rãi, thư giãn. Với photography, Lăng Minh Mạng có nhiều góc ảnh đẹp ở cổng, cầu Trung Đạo, hồ sen, đường thẳng trung tâm và những mảng màu cổ kính. Hoạt động adventure gần như không có, nhưng đi bộ trong khuôn viên rộng vẫn tạo cảm giác khám phá nhẹ. Đây là điểm phù hợp cho du khách yêu lịch sử, kiến trúc, sự trang nghiêm và vẻ đẹp hài hòa giữa công trình nhân tạo với cảnh quan tự nhiên."
Sông Hương,Huế,"Sông Hương là biểu tượng mềm mại của Huế, chảy qua trung tâm thành phố và kết nối nhiều lớp lịch sử, văn hóa, thiên nhiên và đời sống thường ngày. Du khách có thể đi thuyền rồng, nghe ca Huế, ngắm cầu Trường Tiền, dạo bờ sông, chụp ảnh hoàng hôn hoặc kết hợp với chùa Thiên Mụ, Đại Nội và các khu phố ẩm thực. Điểm mạnh của Sông Hương là relax và văn hóa : dòng nước chậm, hàng cây, ánh đèn đêm và âm nhạc truyền thống tạo nên cảm giác rất Huế. Lịch sử cũng hiện diện qua các công trình ven sông, thơ ca, ký ức cố đô và vai trò của dòng sông trong đời sống cung đình lẫn dân gian. Yếu tố nature không phải hoang sơ, nhưng cảnh quan sông nước, bầu trời, cây xanh và núi xa đem lại sự cân bằng dễ chịu. Food cũng dễ kết hợp vì hai bên bờ có chợ, quán bún bò, bánh bèo, chè, cà phê và nhà hàng. Với người thích chụp ảnh, Sông Hương có nhiều khoảnh khắc đẹp từ bình minh đến đêm. Đây là điểm không thể thiếu nếu muốn cảm nhận nhịp sống chậm và chất thơ của Huế."
Chợ Đông Ba,Huế,"Chợ Đông Ba là khu chợ nổi tiếng nhất của Huế, nằm gần sông Hương và phản ánh rõ đời sống ẩm thực, mua sắm, văn hóa của cố đô. Đây là điểm đến rất mạnh về food: du khách có thể tìm thấy bún bò Huế, bánh bèo, bánh nậm, bánh lọc, chè, mắm, mè xửng, tôm chua và nhiều món ăn bình dân khác. Chợ cũng là nơi tốt để mua quà, quan sát cách người Huế giao tiếp, trả giá, bày hàng và giữ nhịp sinh hoạt truyền thống giữa trung tâm đô thị. Yếu tố culture thể hiện qua sản phẩm địa phương, giọng nói, thói quen ăn uống và mối liên hệ lâu đời giữa chợ với thành phố. Lịch sử của Chợ Đông Ba cũng đáng chú ý vì đây là một biểu tượng thương mại gắn với Huế qua nhiều thế hệ. Không gian chợ đông, nhiều màu sắc, mùi vị và chuyển động, rất hợp với photography đường phố, nhưng không phải nơi thư giãn yên tĩnh. Du khách nên đi khi còn đói, chuẩn bị tiền mặt và sẵn sàng thử nhiều món nhỏ. Đây là điểm hoàn hảo để hiểu Huế qua hương vị và đời sống thường ngày."
Núi Ngự Bình,Huế,"Núi Ngự Bình là ngọn núi gắn liền với hình ảnh phong thủy và thơ ca của Huế, thường được nhắc cùng Sông Hương như một cặp biểu tượng của cố đô. Từ khu vực núi, du khách có thể cảm nhận không gian xanh, đường dốc nhẹ, cây cối và những góc nhìn về thành phố, dòng sông hoặc vùng đồi xung quanh. Điểm mạnh của Núi Ngự Bình là nature, relaxation, culture và history ở mức vừa phải. Đây không phải ngọn núi dành cho trekking nặng, nhưng phù hợp để đi bộ, hít thở, ngắm cảnh và tìm một khoảng lặng ngoài trung tâm. Yếu tố văn hóa đến từ vai trò biểu tượng của núi trong quy hoạch kinh thành, trong thơ văn và trong ký ức người Huế. Với người thích chụp ảnh, khung cảnh từ các điểm cao, ánh chiều, tán cây và đường lên núi tạo ra nhiều góc ảnh nhẹ nhàng. Ẩm thực có thể kết hợp ở các khu dân cư hoặc quán nhỏ gần đó, nhưng không phải trọng tâm. Núi Ngự Bình hợp với du khách muốn hiểu Huế bằng cảnh quan biểu tượng, không gian yên bình và cảm giác nhìn thành phố từ một khoảng cách trầm tĩnh."
Đồi Vọng Cảnh,Huế,"Đồi Vọng Cảnh là điểm ngắm cảnh nổi tiếng ở Huế, nơi du khách có thể nhìn xuống sông Hương, rừng thông, những khúc uốn của dòng nước và vùng lăng tẩm phía xa. Không gian ở đây không quá rộng nhưng rất giàu cảm xúc, đặc biệt vào sáng sớm hoặc chiều muộn khi ánh sáng phủ lên mặt sông. Điểm mạnh nhất của Đồi Vọng Cảnh là photography, nature và relaxation: các góc nhìn cao, cây thông, đường mòn nhỏ và màu trời tạo nên khung cảnh thơ mộng, phù hợp để chụp ảnh, picnic nhẹ hoặc ngồi yên ngắm cảnh. Yếu tố culture và history nằm ở vị trí gần các lăng vua, trong mối liên hệ với cảnh quan cố đô và cách người Huế thưởng ngoạn sông núi. Đây không phải điểm mạo hiểm, dù có thể đi bộ nhẹ trên đồi và khám phá các lối nhỏ. Du khách nên giữ vệ sinh, tránh gây ồn và chọn thời điểm mát để có trải nghiệm tốt hơn. Đồi Vọng Cảnh rất hợp cho người muốn một điểm dừng ngắn nhưng đẹp, giúp lịch trình Huế bớt nặng di tích và thêm cảm giác thư giãn."
Làng nón Phú Cam,Huế,"Làng nón Phú Cam là điểm đến văn hóa thủ công ở Huế, nơi du khách có thể tìm hiểu quá trình làm nón lá, một biểu tượng gần gũi của phụ nữ Việt Nam và đặc biệt gắn với hình ảnh áo dài xứ Huế. Điểm mạnh nhất của làng là culture: từ khâu chọn lá, phơi, là, chằm nón đến trang trí hoa văn đều cho thấy sự khéo léo, kiên nhẫn và thẩm mỹ truyền thống. Du khách có thể quan sát nghệ nhân làm việc, trò chuyện về nghề, mua nón làm quà hoặc chụp ảnh với những chiếc nón xếp thành hình rất đẹp. Lịch sử làng nghề và đời sống cộng đồng tạo thêm chiều sâu cho trải nghiệm, dù đây không phải di tích hoành tráng. Không gian thường yên bình, phù hợp với nhịp đi chậm và tìm hiểu một lát cắt đời sống Huế. Yếu tố food có thể kết hợp với các món nhỏ quanh khu dân cư hoặc tuyến tham quan gần trung tâm. Với photography, làng nón có màu lá trắng ngà, khung tre, bàn tay nghệ nhân và ánh sáng trong nhà rất đẹp. Đây là điểm phù hợp cho du khách thích văn hóa, thủ công, quà lưu niệm và trải nghiệm địa phương nhẹ nhàng."
Làng hương Thủy Xuân,Huế,"Làng hương Thủy Xuân là một trong những điểm check-in rực rỡ nhất ở Huế, nổi bật với những bó hương nhiều màu được xòe tròn trước các cửa hàng thủ công. Điểm mạnh dễ thấy là photography: màu đỏ, vàng, tím, xanh của hương tạo nền ảnh sống động, rất hợp với áo dài, nón lá và các góc chụp gần lăng Tự Đức hoặc đồi Vọng Cảnh. Tuy nhiên, Thủy Xuân không chỉ là nơi chụp ảnh; đây còn là làng nghề văn hóa, nơi du khách có thể tìm hiểu cách làm hương, chọn nguyên liệu thơm, se hương và vai trò của hương trong đời sống tín ngưỡng Việt Nam. Yếu tố culture vì thế rất rõ, gắn với thờ cúng, lễ Tết, chùa chiền và phong tục gia đình. Không gian làng thường nhộn nhịp hơn các điểm tĩnh lặng, nhưng vẫn dễ tham quan, mua quà và trò chuyện với người bán. Ẩm thực không phải trọng tâm, dù có thể kết hợp với quán nước hoặc món Huế gần đó. Đây là điểm phù hợp cho du khách thích làng nghề, màu sắc, check-in và trải nghiệm thủ công ngắn trong lịch trình Huế."
Nhà Vườn An Hiên,Huế,"Nhà Vườn An Hiên là một không gian nhà vườn tiêu biểu của Huế, nằm bên vùng Kim Long gần sông Hương, nơi kiến trúc nhà rường, sân vườn, cây trái và nếp sống thanh nhã hòa vào nhau. Điểm đến này rất mạnh về relaxation, culture và photography. Du khách bước qua cổng, đi dưới hàng cây, nhìn hồ nước, vườn cây và ngôi nhà gỗ truyền thống để cảm nhận nhịp sống chậm của tầng lớp nhà vườn Huế xưa. Lịch sử của An Hiên gắn với các gia đình quyền quý và văn hóa cư trú của cố đô, nên mỗi chi tiết như bình phong, bàn thờ, gian nhà, đồ gỗ đều có câu chuyện. Thiên nhiên ở đây không hoang sơ nhưng rất tinh tế: cây xanh, bóng mát, hương hoa và tiếng chim tạo cảm giác nghỉ ngơi sâu. Với người thích chụp ảnh, An Hiên có ánh sáng dịu, khung cửa gỗ, lối đi, mái ngói và vườn cây rất đẹp. Đây không phải điểm mạo hiểm hay sôi động, mà hợp với du khách yêu kiến trúc, văn hóa, không gian yên bình và muốn hiểu một mặt rất riêng của Huế."
Chùa Thiên Mụ,Huế,"Chùa Thiên Mụ là ngôi chùa biểu tượng của Huế, nằm trên đồi Hà Khê bên bờ sông Hương, nổi bật với tháp Phước Duyên, sân chùa, tiếng chuông và khung cảnh sông nước phía trước. Điểm mạnh của chùa là culture, history, relaxation và photography. Du khách đến đây để tìm hiểu Phật giáo, kiến trúc chùa Huế, các câu chuyện lịch sử gắn với triều Nguyễn và vai trò của ngôi chùa trong đời sống tinh thần của người dân. Không gian chùa có cây xanh, gió sông và nhịp bước chậm, tạo cảm giác tĩnh lặng, rất hợp để nghỉ tâm trí sau khi tham quan Đại Nội hoặc các lăng tẩm. Góc chụp ảnh nổi bật gồm tháp chùa, cổng tam quan, sân gạch, bờ sông, thuyền rồng và ánh chiều trên sông Hương. Ẩm thực không phải trọng tâm tại chùa, nhưng có thể kết hợp với các quán nhỏ hoặc tuyến Kim Long gần đó. Đây là điểm phù hợp cho gia đình, người yêu văn hóa tâm linh và du khách muốn cảm nhận chất Huế thanh bình, cổ kính, không cần vận động nhiều."
Đầm Chuồn,Huế,"Đầm Chuồn là một phần của hệ đầm phá Tam Giang ở Huế, nổi bật với mặt nước rộng, nhà chồ, thuyền nhỏ, bình minh, hoàng hôn và đời sống đánh bắt của cư dân vùng phá. Đây là điểm rất mạnh về nature, food, relaxation và photography. Du khách thường đến sáng sớm để chụp mặt trời lên trên mặt nước, ngắm người dân thả lưới, đi thuyền hoặc thưởng thức hải sản, đặc biệt là các món cá, tôm, cua, bánh khoái cá kình và đặc sản đầm phá theo mùa. Không gian Đầm Chuồn mang cảm giác chậm, thoáng và bình dị, khác với vẻ cung đình trong trung tâm Huế. Yếu tố culture thể hiện qua nghề chài lưới, nhà chồ, chợ sớm và nhịp sống cộng đồng ven đầm. Dù liên quan đến nước, nơi này không phải bãi biển tắm biển; sức hút nằm ở đầm phá, sinh thái và ẩm thực địa phương. Adventure chỉ ở mức nhẹ nếu du khách đi thuyền hoặc khám phá các lối ven phá. Với người thích ảnh phong cảnh, Đầm Chuồn có ánh sáng rất đẹp, nhiều lớp phản chiếu và cảm giác mênh mông."
Vườn Quốc gia Bạch Mã,Huế,"Vườn Quốc gia Bạch Mã là điểm thiên nhiên nổi bật của Huế, nằm trên dãy núi có rừng xanh, khí hậu mát, thác nước, suối, đường mòn và nhiều điểm quan sát cao. Đây là lựa chọn rất hợp với người thích nature, trekking, adventure và không gian nghỉ ngơi giữa rừng. Du khách có thể đi bộ đến Hải Vọng Đài để ngắm toàn cảnh núi, đầm phá, biển xa; khám phá thác Đỗ Quyên, Ngũ Hồ hoặc các tuyến rừng tùy thể lực và thời tiết. Bạch Mã có hệ sinh thái phong phú, tiếng chim, sương mù và không khí trong lành, đem lại cảm giác healing rõ rệt cho người muốn rời thành phố. Với photography, nơi đây có nhiều góc ảnh đẹp từ rừng ẩm, thác, suối đá, mây núi đến panorama trên cao. Yếu tố lịch sử và văn hóa có mặt ở dấu tích các biệt thự cũ và câu chuyện nghỉ dưỡng thời trước, nhưng không phải trọng tâm. Địa điểm này cần chuẩn bị giày, nước, áo mưa và kiểm tra thời tiết. Bạch Mã phù hợp cho nhóm thích vận động, thiên nhiên và trải nghiệm sâu hơn một ngày tham quan thông thường."
Cầu qua Phá Tam Giang,Huế,"là tuyến kết nối quan trọng băng qua vùng đầm phá , hồ rộng lớn, nơi hội tụ cảnh quan đặc trưng giữa sông, biển và làng chài ven nước. Khi di chuyển trên cầu, du khách có thể cảm nhận không gian thoáng đãng, yên bình với mặt nước trải dài, những chiếc thuyền nhỏ và nhịp sống chậm rãi của ngư dân địa phương. Điểm hấp dẫn của khu vực này nằm ở vẻ đẹp tự nhiên giản dị cùng ánh sáng thay đổi theo thời gian trong ngày, đặc biệt là lúc hoàng hôn khi toàn bộ đầm phá nhuộm màu vàng ấm, rất thích hợp cho chụp ảnh. Gần khu vực cầu còn có các bãi biển hoang sơ và những làng chài mang đậm nét văn hóa truyền thống, nơi du khách có thể trải nghiệm đời sống địa phương và thưởng thức hải sản tươi ngon. Không quá sôi động hay mạo hiểm, nơi đây phù hợp cho những ai tìm kiếm sự thư giãn, khám phá nhẹ nhàng và tận hưởng thiên nhiên đặc trưng miền Trung"