place,province,lat,lng,beach,history,food,nature,adventure,culture,relax,photo,budget,family,crowd,best_months
phong nha,Quảng Bình,17.58137,106.28308,0.219,0.028,0.192,0.892,0.681,0.085,0.133,0.648,0.32633240045100004,1.0,0.875,mar-apr-may-jun-jul-aug
hang sơn đoòng,Quảng Bình,17.44415,106.29358,0.033,0.025,0.026,0.565,1.0,0.018,0.0,0.421,0.0,0.0,0.0,jan-feb-mar-apr-may-jun-jul-aug
hang va,Quảng Bình,17.48947,106.2848,0.031,0.0,0.019,0.574,0.92,0.003,0.077,0.253,0.11854882737322628,0.125,0.0,jan-feb-mar-apr-may-jun-jul-aug
biển nhật lệ,Quảng Bình,17.492663,106.627266,0.831,0.021,0.162,0.201,0.374,0.058,0.166,0.282,1.0,1.0,0.7499999999999999,apr-may-jun-jul-aug
cồn cát quang phú,Quảng Bình,17.5302,106.6218,0.598,0.006,0.031,0.149,0.277,0.005,0.057,0.573,1.0,0.7499999999999999,0.5,apr-may-jun-jul
vũng chùa - đảo yến,Quảng Bình,17.92969,106.5066,0.724,0.059,0.0,0.446,0.239,0.095,0.214,0.58,1.0,0.875,0.5,mar-apr-may-jun-jul-aug
quảng bình quan,Quảng Bình,17.46334,106.62405,0.03,0.145,0.125,0.082,0.075,0.149,0.144,0.63,1.0,1.0,0.37500000000000006,all-year
tượng đài mẹ suốt,Quảng Bình,17.46546,106.62714,0.079,0.145,0.106,0.061,0.07,0.119,0.163,0.362,1.0,1.0,0.37500000000000006,all-year
đền thờ liễu hạnh,Quảng Bình,17.953538,106.468953,0.157,0.027,0.046,0.233,0.175,0.431,0.391,0.464,1.0,0.875,0.24999999999999997,all-year
biển đá nhảy,Quảng Bình,17.662778,106.513056,0.501,0.006,0.036,0.239,0.196,0.071,0.121,1.0,1.0,0.7499999999999999,0.5,apr-may-jun-jul-aug
mộ đại tướng võ nguyên giáp,Quảng Bình,17.8346,106.368,0.059,0.941,0.081,0.89,0.023,0.936,1.0,0.549,1.0,0.875,0.7499999999999999,all-year
thành cổ đồng hới,Quảng Bình ,17.4689,106.6223,0.1,1.0,1.0,0.728,0.001,1.0,0.828,0.409,1.0,0.875,0.24999999999999997,all-year
mũi trèo,Quảng Trị,17.0892,107.1123,0.505,0.007,0.027,0.245,0.551,0.04,0.083,0.545,1.0,0.37500000000000006,0.24999999999999997,mar-apr-may-jun-jul-aug
thánh địa la vang,Quảng Trị,16.7067,107.19556,0.018,0.102,0.12,0.068,0.165,0.434,0.478,0.652,1.0,1.0,0.625,all-year
sông đakrông,Quảng Trị,16.657389,106.816497,0.127,0.06,0.044,0.345,0.384,0.149,0.202,0.397,1.0,0.625,0.125,feb-mar-apr-may-jun-jul-aug
"núi tà lung, núi klu",Quảng Trị,16.657389,106.816497,0.046,0.054,0.049,0.508,0.649,0.229,0.158,0.057,1.0,0.24999999999999997,0.0,feb-mar-apr-may-jun-jul-aug
thành cổ quảng trị,Quảng Trị,16.75393,107.18954,0.0,0.252,0.045,0.161,0.073,0.157,0.129,0.677,1.0,1.0,0.5,all-year
địa đạo vịnh mốc,Quảng Trị,17.07467,107.1128,0.427,0.081,0.029,0.208,0.145,0.082,0.045,0.116,0.4052202118753022,0.625,0.625,feb-mar-apr-may-jun-jul-aug
làng cổ bích la,Quảng Trị,16.77685,107.18595,0.078,0.063,0.247,0.175,0.157,0.412,0.294,0.274,1.0,0.875,0.125,all-year
đảo cồn cỏ,Quảng Trị,17.15839,107.33983,0.804,0.083,0.099,0.428,0.284,0.03,0.03,0.489,1.0,0.625,0.24999999999999997,mar-apr-may-jun
chợ phiên cam lộ,Quảng Trị,16.816461,107.010006,0.024,0.029,0.329,0.165,0.139,0.105,0.081,0.341,1.0,0.875,0.5,all-year
nghĩa trang trường sơn,Quảng Trị,16.95858,106.95501,0.054,0.278,0.041,0.21,0.015,0.191,0.229,0.3,1.0,1.0,0.37500000000000006,all-year
biển cửa việt,Quảng Trị,16.912938,107.186422,1.0,0.043,0.215,0.179,0.19,0.058,0.162,0.519,1.0,1.0,0.625,apr-may-jun-jul-aug
chợ đông hà,Quảng Trị,16.8241,107.0992,0.147,0.053,0.39,0.109,0.049,0.115,0.141,0.413,1.0,0.875,0.7499999999999999,all-year
khe sanh,Quảng Trị,16.653294,106.723994,0.03,0.187,0.032,0.361,0.285,0.134,0.067,0.002,0.4052202118753022,0.875,0.37500000000000006,feb-mar-apr-may-jun-jul-aug
cửa khẩu lao bảo,Quảng Trị,16.622663,106.587632,0.071,0.039,0.134,0.238,0.159,0.074,0.101,0.404,1.0,0.625,0.625,all-year
bản vân kiều,Quảng Trị,16.6558,106.8139,0.006,0.081,0.191,0.184,0.218,0.354,0.224,0.15,1.0,0.625,0.125,feb-mar-apr-may-jun-jul-aug
đại nội huế,Huế,16.46897,107.57813,0.126,0.173,0.181,0.178,0.009,0.322,0.253,0.339,0.32901445247558064,0.875,1.0,feb-mar-apr
lăng cô,Huế,16.241,108.0782,0.93,0.057,0.119,0.256,0.204,0.042,0.159,0.37,1.0,1.0,0.625,mar-apr-may-jun-jul-aug
lăng tự đức,Huế,16.43256,107.56581,0.09,0.256,0.065,0.358,0.025,0.305,0.28,0.396,0.34482865587491585,0.875,0.7499999999999999,feb-mar-apr
lăng minh mạng,Huế,16.38772,107.56825,0.095,0.203,0.01,0.224,0.143,0.264,0.313,0.656,0.34482865587491585,0.7499999999999999,0.625,feb-mar-apr
sông hương,Huế,16.54674,107.6258,0.276,0.094,0.188,0.204,0.06,0.209,0.179,0.591,1.0,1.0,0.7499999999999999,feb-mar-apr-may-jun-jul-aug
chợ đông ba,Huế,16.47253,107.58866,0.052,0.043,0.462,0.088,0.047,0.098,0.158,0.0,1.0,0.7499999999999999,0.875,all-year
núi ngự bình,Huế,16.4418,107.59613,0.033,0.038,0.063,0.213,0.17,0.102,0.205,0.648,1.0,0.5,0.24999999999999997,feb-mar-apr
đồi vọng cảnh,Huế,16.42707,107.56257,0.035,0.08,0.032,0.209,0.238,0.0,0.079,0.441,1.0,0.875,0.5,feb-mar-apr-may
làng nón phú cam,Huế,16.45263,107.58781,0.051,0.078,0.137,0.0,0.058,0.312,0.252,0.749,1.0,0.875,0.125,all-year
làng hương thủy xuân,Huế,16.4242,107.5583,0.064,0.05,0.177,0.149,0.0,0.427,0.333,0.856,1.0,1.0,0.875,feb-mar-apr-may
nhà vườn an hiên,Huế,16.4542,107.55224,0.083,0.037,0.11,0.263,0.101,0.203,0.198,0.406,0.4052202118753022,1.0,0.24999999999999997,feb-mar-apr-may
chùa thiên mụ,Huế,16.45242,107.54504,0.158,0.097,0.084,0.164,0.1,0.295,0.292,0.243,1.0,0.875,0.875,feb-mar-apr-may
đầm chuồn,Huế,16.516259,107.643759,0.863,0.04,0.233,0.419,0.197,0.136,0.087,0.649,0.34482865587491585,0.7499999999999999,0.37500000000000006,mar-apr-may-jun-jul-aug
vườn quốc gia bạch mã,Huế,16.2,107.8667,0.184,0.074,0.035,1.0,0.325,0.032,0.119,0.125,0.39079792668628227,0.5,0.5,mar-apr-may-jun-jul-aug
cầu qua phá tam giang,Huế,16.58219,107.5885,0.483,0.025,0.172,0.352,0.268,0.164,0.263,0.416,1.0,1.0,0.24999999999999997,feb-mar-apr-may-jun-jul-aug
